Datetime,Water Level (m)
2025-11-24 00:00:00,0.20092185
2025-11-24 01:00:00,-0.024051473
2025-11-24 02:00:00,-0.21358112
2025-11-24 03:00:00,-0.37405148
2025-11-24 04:00:00,-0.50535667
2025-11-24 05:00:00,-0.5882435
2025-11-24 06:00:00,-0.45815793
2025-11-24 07:00:00,-0.11668519
2025-11-24 08:00:00,0.15781237
2025-11-24 09:00:00,0.35211208
2025-11-24 10:00:00,0.3841501
2025-11-24 11:00:00,0.1918779
2025-11-24 12:00:00,-0.039194904
2025-11-24 13:00:00,-0.2292582
2025-11-24 14:00:00,-0.3962025
2025-11-24 15:00:00,-0.533649
2025-11-24 16:00:00,-0.64076406
2025-11-24 17:00:00,-0.6649103
2025-11-24 18:00:00,-0.36550838
2025-11-24 19:00:00,-0.042131502
2025-11-24 20:00:00,0.28553286
2025-11-24 21:00:00,0.54542124
2025-11-24 22:00:00,0.67157644
2025-11-24 23:00:00,0.58193314
2025-11-25 00:00:00,0.2957244
2025-11-25 01:00:00,0.057567127
2025-11-25 02:00:00,-0.14279458
2025-11-25 03:00:00,-0.3088727
2025-11-25 04:00:00,-0.4531236
2025-11-25 05:00:00,-0.5587488
2025-11-25 06:00:00,-0.57269037
2025-11-25 07:00:00,-0.28562692
2025-11-25 08:00:00,-0.0041321055
2025-11-25 09:00:00,0.21994677
2025-11-25 10:00:00,0.33960307
2025-11-25 11:00:00,0.3010082
2025-11-25 12:00:00,0.101474956
2025-11-25 13:00:00,-0.09670555
2025-11-25 14:00:00,-0.26502612
2025-11-25 15:00:00,-0.41402626
2025-11-25 16:00:00,-0.5330307
2025-11-25 17:00:00,-0.6163672
2025-11-25 18:00:00,-0.5441942
2025-11-25 19:00:00,-0.2057243
2025-11-25 20:00:00,0.10711082
2025-11-25 21:00:00,0.40617654
2025-11-25 22:00:00,0.60672665
2025-11-25 23:00:00,0.64868724
2025-11-26 00:00:00,0.4620178
2025-11-26 01:00:00,0.19307664
2025-11-26 02:00:00,-0.019921554
2025-11-26 03:00:00,-0.20195751
2025-11-26 04:00:00,-0.35250592
2025-11-26 05:00:00,-0.47632214
2025-11-26 06:00:00,-0.55874604
2025-11-26 07:00:00,-0.5022
2025-11-26 08:00:00,-0.1943263
2025-11-26 09:00:00,0.05657228
2025-11-26 10:00:00,0.253868
2025-11-26 11:00:00,0.35057572
2025-11-26 12:00:00,0.29097447
2025-11-26 13:00:00,0.09003451
2025-11-26 14:00:00,-0.0997265
2025-11-26 15:00:00,-0.2611771
2025-11-26 16:00:00,-0.4019566
2025-11-26 17:00:00,-0.51064026
2025-11-26 18:00:00,-0.5716288
2025-11-26 19:00:00,-0.42787188
2025-11-26 20:00:00,-0.116678804
2025-11-26 21:00:00,0.17542504
2025-11-26 22:00:00,0.4327463
2025-11-26 23:00:00,0.5850722
2025-11-27 00:00:00,0.57762444
2025-11-27 01:00:00,0.35997027
2025-11-27 02:00:00,0.12334879
2025-11-27 03:00:00,-0.07474442
2025-11-27 04:00:00,-0.23809347
2025-11-27 05:00:00,-0.376459
2025-11-27 06:00:00,-0.48321134
2025-11-27 07:00:00,-0.5423545
2025-11-27 08:00:00,-0.44193283
2025-11-27 09:00:00,-0.15867035
2025-11-27 10:00:00,0.07488839
2025-11-27 11:00:00,0.26878345
2025-11-27 12:00:00,0.37402278
2025-11-27 13:00:00,0.3404022
2025-11-27 14:00:00,0.15275687
2025-11-27 15:00:00,-0.04259
2025-11-27 16:00:00,-0.20702557
2025-11-27 17:00:00,-0.34569633
2025-11-27 18:00:00,-0.45399693
2025-11-27 19:00:00,-0.4955737
2025-11-27 20:00:00,-0.3016707
2025-11-27 21:00:00,-0.016522894
2025-11-27 22:00:00,0.24851936
2025-11-27 23:00:00,0.469189
2025-11-28 00:00:00,0.5907551
2025-11-28 01:00:00,0.55885506
2025-11-28 02:00:00,0.34637102
2025-11-28 03:00:00,0.13209562
2025-11-28 04:00:00,-0.05241734
2025-11-28 05:00:00,-0.20806006
2025-11-28 06:00:00,-0.34154925
2025-11-28 07:00:00,-0.45143878
2025-11-28 08:00:00,-0.5148508
2025-11-28 09:00:00,-0.4303173
2025-11-28 10:00:00,-0.13812645
2025-11-28 11:00:00,0.11225597
2025-11-28 12:00:00,0.32497
2025-11-28 13:00:00,0.44491318
2025-11-28 14:00:00,0.42934802
2025-11-28 15:00:00,0.2501139
2025-11-28 16:00:00,0.05048801
2025-11-28 17:00:00,-0.120079145
2025-11-28 18:00:00,-0.2620911
2025-11-28 19:00:00,-0.37862065
2025-11-28 20:00:00,-0.4365814
2025-11-28 21:00:00,-0.31139064
2025-11-28 22:00:00,-0.033784915
2025-11-28 23:00:00,0.22267036
2025-11-29 00:00:00,0.44136083
2025-11-29 01:00:00,0.56833446
2025-11-29 02:00:00,0.5567094
2025-11-29 03:00:00,0.3692034
2025-11-29 04:00:00,0.15681742
2025-11-29 05:00:00,-0.029720921
2025-11-29 06:00:00,-0.19073032
2025-11-29 07:00:00,-0.33067626
2025-11-29 08:00:00,-0.45051858
2025-11-29 09:00:00,-0.53487176
2025-11-29 10:00:00,-0.50911224
2025-11-29 11:00:00,-0.19888856
2025-11-29 12:00:00,0.091414824
2025-11-29 13:00:00,0.34551713
2025-11-29 14:00:00,0.50949365
2025-11-29 15:00:00,0.53695315
2025-11-29 16:00:00,0.3814068
2025-11-29 17:00:00,0.15936334
2025-11-29 18:00:00,-0.029910283
2025-11-29 19:00:00,-0.18973456
2025-11-29 20:00:00,-0.3213992
2025-11-29 21:00:00,-0.4199336
2025-11-29 22:00:00,-0.42542458
2025-11-29 23:00:00,-0.1648711
2025-11-30 00:00:00,0.12353638
